{"train_loss": 0.24569280445575714, "train_accuracies": 0.9999762773513794, "val_loss": 0.2822107672691345, "val_accuracies": 0.999974250793457}